a128cbc_hs256_test.json	crates/aead/src/data
a192cbc_hs384_test.json	crates/aead/src/data
a256cbc_hs512_test.json	crates/aead/src/data
aead_aes_siv_cmac_test.json	crates/aead/src/data
aegis128L_test.json	crates/aead/src/data
aegis128_test.json	crates/aead/src/data
aegis256_test.json	crates/aead/src/data
aes_ccm_test.json	crates/aead/src/data
aes_eax_test.json	crates/aead/src/data
aes_gcm_siv_test.json	crates/aead/src/data
aes_gcm_test.json	crates/aead/src/data
aes_siv_cmac_test.json	crates/aead/src/data
aria_ccm_test.json	crates/aead/src/data
aria_gcm_test.json	crates/aead/src/data
ascon128_test.json	crates/aead/src/data
ascon128a_test.json	crates/aead/src/data
ascon80pq_test.json	crates/aead/src/data
camellia_ccm_test.json	crates/aead/src/data
chacha20_poly1305_test.json	crates/aead/src/data
morus1280_test.json	crates/aead/src/data
morus640_test.json	crates/aead/src/data
seed_ccm_test.json	crates/aead/src/data
seed_gcm_test.json	crates/aead/src/data
sm4_ccm_test.json	crates/aead/src/data
sm4_gcm_test.json	crates/aead/src/data
xchacha20_poly1305_test.json	crates/aead/src/data
bls_hash_to_g2_test.json	crates/bls/src/data
bls_sig_g2_aggregate_verify_test.json	crates/bls/src/data
bls_sig_g2_basic_verify_test.json	crates/bls/src/data
bls_sig_g2_pop_verify_test.json	crates/bls/src/data
ec_prime_order_curves_test.json	crates/dh/src/data
ecdh_brainpoolP224r1_test.json	crates/dh/src/data
ecdh_brainpoolP256r1_test.json	crates/dh/src/data
ecdh_brainpoolP320r1_test.json	crates/dh/src/data
ecdh_brainpoolP384r1_test.json	crates/dh/src/data
ecdh_brainpoolP512r1_test.json	crates/dh/src/data
ecdh_secp224r1_ecpoint_test.json	crates/dh/src/data
ecdh_secp224r1_pem_test.json	crates/dh/src/data
ecdh_secp224r1_test.json	crates/dh/src/data
ecdh_secp256k1_test.json	crates/dh/src/data
ecdh_secp256k1_webcrypto_test.json	crates/dh/src/data
ecdh_secp256r1_ecpoint_test.json	crates/dh/src/data
ecdh_secp256r1_pem_test.json	crates/dh/src/data
ecdh_secp256r1_test.json	crates/dh/src/data
ecdh_secp256r1_webcrypto_test.json	crates/dh/src/data
ecdh_secp384r1_ecpoint_test.json	crates/dh/src/data
ecdh_secp384r1_pem_test.json	crates/dh/src/data
ecdh_secp384r1_test.json	crates/dh/src/data
ecdh_secp384r1_webcrypto_test.json	crates/dh/src/data
ecdh_secp521r1_ecpoint_test.json	crates/dh/src/data
ecdh_secp521r1_pem_test.json	crates/dh/src/data
ecdh_secp521r1_test.json	crates/dh/src/data
ecdh_secp521r1_webcrypto_test.json	crates/dh/src/data
ecdh_sect283k1_test.json	crates/dh/src/data
ecdh_sect283r1_test.json	crates/dh/src/data
ecdh_sect409k1_test.json	crates/dh/src/data
ecdh_sect409r1_test.json	crates/dh/src/data
ecdh_sect571k1_test.json	crates/dh/src/data
ecdh_sect571r1_test.json	crates/dh/src/data
x25519_asn_test.json	crates/dh/src/data
x25519_jwk_test.json	crates/dh/src/data
x25519_pem_test.json	crates/dh/src/data
x25519_test.json	crates/dh/src/data
x448_asn_test.json	crates/dh/src/data
x448_jwk_test.json	crates/dh/src/data
x448_pem_test.json	crates/dh/src/data
x448_test.json	crates/dh/src/data
dsa_2048_224_sha224_p1363_test.json	crates/dsa/src/data
dsa_2048_224_sha224_test.json	crates/dsa/src/data
dsa_2048_224_sha256_p1363_test.json	crates/dsa/src/data
dsa_2048_224_sha256_test.json	crates/dsa/src/data
dsa_2048_256_sha256_p1363_test.json	crates/dsa/src/data
dsa_2048_256_sha256_test.json	crates/dsa/src/data
dsa_3072_256_sha256_p1363_test.json	crates/dsa/src/data
dsa_3072_256_sha256_test.json	crates/dsa/src/data
ecdsa_brainpoolP224r1_sha224_p1363_test.json	crates/ecdsa/src/data
ecdsa_brainpoolP224r1_sha224_test.json	crates/ecdsa/src/data
ecdsa_brainpoolP224r1_sha3_224_test.json	crates/ecdsa/src/data
ecdsa_brainpoolP256r1_sha256_p1363_test.json	crates/ecdsa/src/data
ecdsa_brainpoolP256r1_sha256_test.json	crates/ecdsa/src/data
ecdsa_brainpoolP256r1_sha3_256_test.json	crates/ecdsa/src/data
ecdsa_brainpoolP320r1_sha384_p1363_test.json	crates/ecdsa/src/data
ecdsa_brainpoolP320r1_sha384_test.json	crates/ecdsa/src/data
ecdsa_brainpoolP320r1_sha3_384_test.json	crates/ecdsa/src/data
ecdsa_brainpoolP384r1_sha384_p1363_test.json	crates/ecdsa/src/data
ecdsa_brainpoolP384r1_sha384_test.json	crates/ecdsa/src/data
ecdsa_brainpoolP384r1_sha3_384_test.json	crates/ecdsa/src/data
ecdsa_brainpoolP512r1_sha3_512_test.json	crates/ecdsa/src/data
ecdsa_brainpoolP512r1_sha512_p1363_test.json	crates/ecdsa/src/data
ecdsa_brainpoolP512r1_sha512_test.json	crates/ecdsa/src/data
ecdsa_secp160k1_sha256_p1363_test.json	crates/ecdsa/src/data
ecdsa_secp160k1_sha256_test.json	crates/ecdsa/src/data
ecdsa_secp160r1_sha256_p1363_test.json	crates/ecdsa/src/data
ecdsa_secp160r1_sha256_test.json	crates/ecdsa/src/data
ecdsa_secp160r2_sha256_p1363_test.json	crates/ecdsa/src/data
ecdsa_secp160r2_sha256_test.json	crates/ecdsa/src/data
ecdsa_secp192k1_sha256_p1363_test.json	crates/ecdsa/src/data
ecdsa_secp192k1_sha256_test.json	crates/ecdsa/src/data
ecdsa_secp192r1_sha256_p1363_test.json	crates/ecdsa/src/data
ecdsa_secp192r1_sha256_test.json	crates/ecdsa/src/data
ecdsa_secp224k1_sha224_p1363_test.json	crates/ecdsa/src/data
ecdsa_secp224k1_sha224_test.json	crates/ecdsa/src/data
ecdsa_secp224k1_sha256_p1363_test.json	crates/ecdsa/src/data
ecdsa_secp224k1_sha256_test.json	crates/ecdsa/src/data
ecdsa_secp224r1_sha224_p1363_test.json	crates/ecdsa/src/data
ecdsa_secp224r1_sha224_test.json	crates/ecdsa/src/data
ecdsa_secp224r1_sha256_p1363_test.json	crates/ecdsa/src/data
ecdsa_secp224r1_sha256_test.json	crates/ecdsa/src/data
ecdsa_secp224r1_sha3_224_test.json	crates/ecdsa/src/data
ecdsa_secp224r1_sha3_256_test.json	crates/ecdsa/src/data
ecdsa_secp224r1_sha3_512_test.json	crates/ecdsa/src/data
ecdsa_secp224r1_sha512_p1363_test.json	crates/ecdsa/src/data
ecdsa_secp224r1_sha512_test.json	crates/ecdsa/src/data
ecdsa_secp224r1_shake128_p1363_test.json	crates/ecdsa/src/data
ecdsa_secp224r1_shake128_test.json	crates/ecdsa/src/data
ecdsa_secp256k1_sha256_bitcoin_test.json	crates/ecdsa/src/data
ecdsa_secp256k1_sha256_p1363_test.json	crates/ecdsa/src/data
ecdsa_secp256k1_sha256_test.json	crates/ecdsa/src/data
ecdsa_secp256k1_sha3_256_test.json	crates/ecdsa/src/data
ecdsa_secp256k1_sha3_512_test.json	crates/ecdsa/src/data
ecdsa_secp256k1_sha512_p1363_test.json	crates/ecdsa/src/data
ecdsa_secp256k1_sha512_test.json	crates/ecdsa/src/data
ecdsa_secp256k1_shake128_p1363_test.json	crates/ecdsa/src/data
ecdsa_secp256k1_shake128_test.json	crates/ecdsa/src/data
ecdsa_secp256k1_shake256_p1363_test.json	crates/ecdsa/src/data
ecdsa_secp256k1_shake256_test.json	crates/ecdsa/src/data
ecdsa_secp256r1_sha256_p1363_test.json	crates/ecdsa/src/data
ecdsa_secp256r1_sha256_test.json	crates/ecdsa/src/data
ecdsa_secp256r1_sha3_256_test.json	crates/ecdsa/src/data
ecdsa_secp256r1_sha3_512_test.json	crates/ecdsa/src/data
ecdsa_secp256r1_sha512_p1363_test.json	crates/ecdsa/src/data
ecdsa_secp256r1_sha512_test.json	crates/ecdsa/src/data
ecdsa_secp256r1_shake128_p1363_test.json	crates/ecdsa/src/data
ecdsa_secp256r1_shake128_test.json	crates/ecdsa/src/data
ecdsa_secp384r1_sha256_test.json	crates/ecdsa/src/data
ecdsa_secp384r1_sha384_p1363_test.json	crates/ecdsa/src/data
ecdsa_secp384r1_sha384_test.json	crates/ecdsa/src/data
ecdsa_secp384r1_sha3_384_test.json	crates/ecdsa/src/data
ecdsa_secp384r1_sha3_512_test.json	crates/ecdsa/src/data
ecdsa_secp384r1_sha512_p1363_test.json	crates/ecdsa/src/data
ecdsa_secp384r1_sha512_test.json	crates/ecdsa/src/data
ecdsa_secp384r1_shake256_p1363_test.json	crates/ecdsa/src/data
ecdsa_secp384r1_shake256_test.json	crates/ecdsa/src/data
ecdsa_secp521r1_sha3_512_test.json	crates/ecdsa/src/data
ecdsa_secp521r1_sha512_p1363_test.json	crates/ecdsa/src/data
ecdsa_secp521r1_sha512_test.json	crates/ecdsa/src/data
ecdsa_secp521r1_shake256_p1363_test.json	crates/ecdsa/src/data
ecdsa_secp521r1_shake256_test.json	crates/ecdsa/src/data
ed25519_test.json	crates/eddsa/src/data
ed448_test.json	crates/eddsa/src/data
aes_ff1_base10_test.json	crates/fpe/src/data
aes_ff1_base16_test.json	crates/fpe/src/data
aes_ff1_base26_test.json	crates/fpe/src/data
aes_ff1_base32_test.json	crates/fpe/src/data
aes_ff1_base36_test.json	crates/fpe/src/data
aes_ff1_base45_test.json	crates/fpe/src/data
aes_ff1_base62_test.json	crates/fpe/src/data
aes_ff1_base64_test.json	crates/fpe/src/data
aes_ff1_base85_test.json	crates/fpe/src/data
aes_ff1_radix10_test.json	crates/fpe/src/data
aes_ff1_radix16_test.json	crates/fpe/src/data
aes_ff1_radix255_test.json	crates/fpe/src/data
aes_ff1_radix256_test.json	crates/fpe/src/data
aes_ff1_radix26_test.json	crates/fpe/src/data
aes_ff1_radix32_test.json	crates/fpe/src/data
aes_ff1_radix36_test.json	crates/fpe/src/data
aes_ff1_radix45_test.json	crates/fpe/src/data
aes_ff1_radix62_test.json	crates/fpe/src/data
aes_ff1_radix64_test.json	crates/fpe/src/data
aes_ff1_radix65535_test.json	crates/fpe/src/data
aes_ff1_radix65536_test.json	crates/fpe/src/data
aes_ff1_radix85_test.json	crates/fpe/src/data
hkdf_sha1_test.json	crates/kdf-jose/src/data
hkdf_sha256_test.json	crates/kdf-jose/src/data
hkdf_sha384_test.json	crates/kdf-jose/src/data
hkdf_sha512_test.json	crates/kdf-jose/src/data
json_web_crypto_test.json	crates/kdf-jose/src/data
json_web_encryption_test.json	crates/kdf-jose/src/data
json_web_key_test.json	crates/kdf-jose/src/data
json_web_signature_test.json	crates/kdf-jose/src/data
pbes2_hmacsha1_aes_128_test.json	crates/kdf-jose/src/data
pbes2_hmacsha1_aes_192_test.json	crates/kdf-jose/src/data
pbes2_hmacsha1_aes_256_test.json	crates/kdf-jose/src/data
pbes2_hmacsha224_aes_128_test.json	crates/kdf-jose/src/data
pbes2_hmacsha224_aes_192_test.json	crates/kdf-jose/src/data
pbes2_hmacsha224_aes_256_test.json	crates/kdf-jose/src/data
pbes2_hmacsha256_aes_128_test.json	crates/kdf-jose/src/data
pbes2_hmacsha256_aes_192_test.json	crates/kdf-jose/src/data
pbes2_hmacsha256_aes_256_test.json	crates/kdf-jose/src/data
pbes2_hmacsha384_aes_128_test.json	crates/kdf-jose/src/data
pbes2_hmacsha384_aes_192_test.json	crates/kdf-jose/src/data
pbes2_hmacsha384_aes_256_test.json	crates/kdf-jose/src/data
pbes2_hmacsha512_aes_128_test.json	crates/kdf-jose/src/data
pbes2_hmacsha512_aes_192_test.json	crates/kdf-jose/src/data
pbes2_hmacsha512_aes_256_test.json	crates/kdf-jose/src/data
pbkdf2_hmacsha1_test.json	crates/kdf-jose/src/data
pbkdf2_hmacsha224_test.json	crates/kdf-jose/src/data
pbkdf2_hmacsha256_test.json	crates/kdf-jose/src/data
pbkdf2_hmacsha384_test.json	crates/kdf-jose/src/data
pbkdf2_hmacsha512_test.json	crates/kdf-jose/src/data
primality_test.json	crates/kdf-jose/src/data
mldsa_44_sign_noseed_test.json	crates/mldsa/src/data
mldsa_44_sign_seed_test.json	crates/mldsa/src/data
mldsa_44_verify_test.json	crates/mldsa/src/data
mldsa_65_sign_noseed_test.json	crates/mldsa/src/data
mldsa_65_sign_seed_test.json	crates/mldsa/src/data
mldsa_65_verify_test.json	crates/mldsa/src/data
mldsa_87_sign_noseed_test.json	crates/mldsa/src/data
mldsa_87_sign_seed_test.json	crates/mldsa/src/data
mldsa_87_verify_test.json	crates/mldsa/src/data
mlkem_1024_encaps_test.json	crates/mlkem/src/data
mlkem_1024_keygen_seed_test.json	crates/mlkem/src/data
mlkem_1024_semi_expanded_decaps_test.json	crates/mlkem/src/data
mlkem_1024_test.json	crates/mlkem/src/data
mlkem_512_encaps_test.json	crates/mlkem/src/data
mlkem_512_keygen_seed_test.json	crates/mlkem/src/data
mlkem_512_semi_expanded_decaps_test.json	crates/mlkem/src/data
mlkem_512_test.json	crates/mlkem/src/data
mlkem_768_encaps_test.json	crates/mlkem/src/data
mlkem_768_keygen_seed_test.json	crates/mlkem/src/data
mlkem_768_semi_expanded_decaps_test.json	crates/mlkem/src/data
mlkem_768_test.json	crates/mlkem/src/data
rsa_oaep_2048_sha1_mgf1sha1_test.json	crates/rsa-encryption/src/data
rsa_oaep_2048_sha224_mgf1sha1_test.json	crates/rsa-encryption/src/data
rsa_oaep_2048_sha224_mgf1sha224_test.json	crates/rsa-encryption/src/data
rsa_oaep_2048_sha256_mgf1sha1_test.json	crates/rsa-encryption/src/data
rsa_oaep_2048_sha256_mgf1sha256_test.json	crates/rsa-encryption/src/data
rsa_oaep_2048_sha384_mgf1sha1_test.json	crates/rsa-encryption/src/data
rsa_oaep_2048_sha384_mgf1sha384_test.json	crates/rsa-encryption/src/data
rsa_oaep_2048_sha512_224_mgf1sha1_test.json	crates/rsa-encryption/src/data
rsa_oaep_2048_sha512_224_mgf1sha512_224_test.json	crates/rsa-encryption/src/data
rsa_oaep_2048_sha512_mgf1sha1_test.json	crates/rsa-encryption/src/data
rsa_oaep_2048_sha512_mgf1sha512_test.json	crates/rsa-encryption/src/data
rsa_oaep_3072_sha256_mgf1sha1_test.json	crates/rsa-encryption/src/data
rsa_oaep_3072_sha256_mgf1sha256_test.json	crates/rsa-encryption/src/data
rsa_oaep_3072_sha512_256_mgf1sha1_test.json	crates/rsa-encryption/src/data
rsa_oaep_3072_sha512_256_mgf1sha512_256_test.json	crates/rsa-encryption/src/data
rsa_oaep_3072_sha512_mgf1sha1_test.json	crates/rsa-encryption/src/data
rsa_oaep_3072_sha512_mgf1sha512_test.json	crates/rsa-encryption/src/data
rsa_oaep_4096_sha256_mgf1sha1_test.json	crates/rsa-encryption/src/data
rsa_oaep_4096_sha256_mgf1sha256_test.json	crates/rsa-encryption/src/data
rsa_oaep_4096_sha512_mgf1sha1_test.json	crates/rsa-encryption/src/data
rsa_oaep_4096_sha512_mgf1sha512_test.json	crates/rsa-encryption/src/data
rsa_oaep_misc_test.json	crates/rsa-encryption/src/data
rsa_pkcs1_2048_test.json	crates/rsa-encryption/src/data
rsa_pkcs1_3072_test.json	crates/rsa-encryption/src/data
rsa_pkcs1_4096_test.json	crates/rsa-encryption/src/data
rsa_three_primes_oaep_2048_sha1_mgf1sha1_test.json	crates/rsa-encryption/src/data
rsa_three_primes_oaep_3072_sha224_mgf1sha224_test.json	crates/rsa-encryption/src/data
rsa_three_primes_oaep_4096_sha256_mgf1sha256_test.json	crates/rsa-encryption/src/data
rsa_pkcs1_1024_sig_gen_test.json	crates/rsa-signature/src/data
rsa_pkcs1_1536_sig_gen_test.json	crates/rsa-signature/src/data
rsa_pkcs1_2048_sig_gen_test.json	crates/rsa-signature/src/data
rsa_pkcs1_3072_sig_gen_test.json	crates/rsa-signature/src/data
rsa_pkcs1_4096_sig_gen_test.json	crates/rsa-signature/src/data
rsa_pss_2048_sha1_mgf1_20_params_test.json	crates/rsa-signature/src/data
rsa_pss_2048_sha1_mgf1_20_test.json	crates/rsa-signature/src/data
rsa_pss_2048_sha256_mgf1_0_params_test.json	crates/rsa-signature/src/data
rsa_pss_2048_sha256_mgf1_0_test.json	crates/rsa-signature/src/data
rsa_pss_2048_sha256_mgf1_32_params_test.json	crates/rsa-signature/src/data
rsa_pss_2048_sha256_mgf1_32_test.json	crates/rsa-signature/src/data
rsa_pss_2048_sha256_mgf1sha1_20_test.json	crates/rsa-signature/src/data
rsa_pss_2048_sha384_mgf1_48_test.json	crates/rsa-signature/src/data
rsa_pss_2048_sha512_224_mgf1_28_test.json	crates/rsa-signature/src/data
rsa_pss_2048_sha512_256_mgf1_32_test.json	crates/rsa-signature/src/data
rsa_pss_2048_sha512_mgf1sha256_32_params_test.json	crates/rsa-signature/src/data
rsa_pss_2048_shake128_test.json	crates/rsa-signature/src/data
rsa_pss_2048_shake256_test.json	crates/rsa-signature/src/data
rsa_pss_3072_sha256_mgf1_32_params_test.json	crates/rsa-signature/src/data
rsa_pss_3072_sha256_mgf1_32_test.json	crates/rsa-signature/src/data
rsa_pss_3072_shake128_test.json	crates/rsa-signature/src/data
rsa_pss_3072_shake256_test.json	crates/rsa-signature/src/data
rsa_pss_4096_sha256_mgf1_32_test.json	crates/rsa-signature/src/data
rsa_pss_4096_sha384_mgf1_48_test.json	crates/rsa-signature/src/data
rsa_pss_4096_sha512_mgf1_32_params_test.json	crates/rsa-signature/src/data
rsa_pss_4096_sha512_mgf1_32_test.json	crates/rsa-signature/src/data
rsa_pss_4096_sha512_mgf1_64_params_test.json	crates/rsa-signature/src/data
rsa_pss_4096_sha512_mgf1_64_test.json	crates/rsa-signature/src/data
rsa_pss_4096_shake256_test.json	crates/rsa-signature/src/data
rsa_pss_misc_params_test.json	crates/rsa-signature/src/data
rsa_pss_misc_test.json	crates/rsa-signature/src/data
rsa_signature_2048_sha224_test.json	crates/rsa-signature/src/data
rsa_signature_2048_sha256_test.json	crates/rsa-signature/src/data
rsa_signature_2048_sha384_test.json	crates/rsa-signature/src/data
rsa_signature_2048_sha3_224_test.json	crates/rsa-signature/src/data
rsa_signature_2048_sha3_256_test.json	crates/rsa-signature/src/data
rsa_signature_2048_sha3_384_test.json	crates/rsa-signature/src/data
rsa_signature_2048_sha3_512_test.json	crates/rsa-signature/src/data
rsa_signature_2048_sha512_224_test.json	crates/rsa-signature/src/data
rsa_signature_2048_sha512_256_test.json	crates/rsa-signature/src/data
rsa_signature_2048_sha512_test.json	crates/rsa-signature/src/data
rsa_signature_3072_sha256_test.json	crates/rsa-signature/src/data
rsa_signature_3072_sha384_test.json	crates/rsa-signature/src/data
rsa_signature_3072_sha3_256_test.json	crates/rsa-signature/src/data
rsa_signature_3072_sha3_384_test.json	crates/rsa-signature/src/data
rsa_signature_3072_sha3_512_test.json	crates/rsa-signature/src/data
rsa_signature_3072_sha512_256_test.json	crates/rsa-signature/src/data
rsa_signature_3072_sha512_test.json	crates/rsa-signature/src/data
rsa_signature_4096_sha256_test.json	crates/rsa-signature/src/data
rsa_signature_4096_sha384_test.json	crates/rsa-signature/src/data
rsa_signature_4096_sha512_256_test.json	crates/rsa-signature/src/data
rsa_signature_4096_sha512_test.json	crates/rsa-signature/src/data
rsa_signature_8192_sha256_test.json	crates/rsa-signature/src/data
rsa_signature_8192_sha384_test.json	crates/rsa-signature/src/data
rsa_signature_8192_sha512_test.json	crates/rsa-signature/src/data
aes_cbc_pkcs5_test.json	crates/symmetric/src/data
aes_cmac_test.json	crates/symmetric/src/data
aes_gmac_test.json	crates/symmetric/src/data
aes_kwp_test.json	crates/symmetric/src/data
aes_wrap_test.json	crates/symmetric/src/data
aes_xts_test.json	crates/symmetric/src/data
aria_cbc_pkcs5_test.json	crates/symmetric/src/data
aria_cmac_test.json	crates/symmetric/src/data
aria_kwp_test.json	crates/symmetric/src/data
aria_wrap_test.json	crates/symmetric/src/data
camellia_cbc_pkcs5_test.json	crates/symmetric/src/data
camellia_cmac_test.json	crates/symmetric/src/data
camellia_wrap_test.json	crates/symmetric/src/data
hmac_sha1_test.json	crates/symmetric/src/data
hmac_sha224_test.json	crates/symmetric/src/data
hmac_sha256_test.json	crates/symmetric/src/data
hmac_sha384_test.json	crates/symmetric/src/data
hmac_sha3_224_test.json	crates/symmetric/src/data
hmac_sha3_256_test.json	crates/symmetric/src/data
hmac_sha3_384_test.json	crates/symmetric/src/data
hmac_sha3_512_test.json	crates/symmetric/src/data
hmac_sha512_224_test.json	crates/symmetric/src/data
hmac_sha512_256_test.json	crates/symmetric/src/data
hmac_sha512_test.json	crates/symmetric/src/data
hmac_sm3_test.json	crates/symmetric/src/data
kmac128_no_customization_test.json	crates/symmetric/src/data
kmac256_no_customization_test.json	crates/symmetric/src/data
seed_wrap_test.json	crates/symmetric/src/data
siphash_1_3_test.json	crates/symmetric/src/data
siphash_2_4_test.json	crates/symmetric/src/data
siphash_4_8_test.json	crates/symmetric/src/data
siphashx_2_4_test.json	crates/symmetric/src/data
siphashx_4_8_test.json	crates/symmetric/src/data
vmac_128_test.json	crates/symmetric/src/data
vmac_64_test.json	crates/symmetric/src/data
